Channel,Region,Fresh,Milk,Grocery,Frozen,Detergents_Paper,Delicatessen
B,C,12669,9656,7561,214,2674,1338
B,C,7057,9810,9568,1762,3293,1776
B,C,6353,8808,7684,2405,3516,7844
A,C,13265,1196,4221,6404,507,1788
B,C,22615,5410,7198,3915,1777,5185
B,C,9413,8259,5126,666,1795,1451
B,C,12126,3199,6975,480,3140,545
B,C,7579,4956,9426,1669,3321,2566
A,C,5963,3648,6192,425,1716,750
B,C,6006,11093,18881,1159,7425,2098
B,C,3366,5403,12974,4400,5977,1744
B,C,13146,1124,4523,1420,549,497
B,C,31714,12319,11757,287,3881,2931
B,C,21217,6208,14982,3095,6707,602
B,C,24653,9465,12091,294,5058,2168
A,C,10253,1114,3821,397,964,412
B,C,1020,8816,12121,134,4508,1080
A,C,5876,6157,2933,839,370,4478
B,C,18601,6327,10099,2205,2767,3181
A,C,7780,2495,9464,669,2518,501
B,C,17546,4519,4602,1066,2259,2124
A,C,5567,871,2010,3383,375,569
A,C,31276,1917,4469,9408,2381,4334
B,C,26373,36423,22019,5154,4337,16523
B,C,22647,9776,13792,2915,4482,5778
B,C,16165,4230,7595,201,4003,57
A,C,9898,961,2861,3151,242,833
A,C,14276,803,3045,485,100,518
B,C,4113,20484,25957,1158,8604,5206
A,C,43088,2100,2609,1200,1107,823
A,C,18815,3610,11107,1148,2134,2963
A,C,2612,4339,3133,2088,820,985
A,C,21632,1318,2886,266,918,405
A,C,29729,4786,7326,6130,361,1083
A,C,1502,1979,2262,425,483,395
B,C,688,5491,11091,833,4239,436
A,C,29955,4362,5428,1729,862,4626
B,C,15168,10556,12477,1920,6506,714
B,C,4591,15729,16709,33,6956,433
A,C,56159,555,902,10002,212,2916
A,C,24025,4332,4757,9510,1145,5864
A,C,19176,3065,5956,2033,2575,2802
B,C,10850,7555,14961,188,6899,46
B,C,630,11095,23998,787,9529,72
B,C,9670,7027,10471,541,4618,65
B,C,5181,22044,21531,1740,7353,4985
B,C,3103,14069,21955,1668,6792,1452
B,C,44466,54259,55571,7782,24171,6465
B,C,11519,6152,10868,584,5121,1476
B,C,4967,21412,28921,1798,13583,1163
A,C,6269,1095,1980,3860,609,2162
A,C,3347,4051,6996,239,1538,301
B,C,40721,3916,5876,532,2587,1278
B,C,491,10473,11532,744,5611,224
A,C,27329,1449,1947,2436,204,1333
A,C,5264,3683,5005,1057,2024,1130
B,C,4098,29892,26866,2616,17740,1340
B,C,5417,9933,10487,38,7572,1282
A,C,13779,1970,1648,596,227,436
A,C,6137,5360,8040,129,3084,1603
B,C,8590,3045,7854,96,4095,225
B,C,35942,38369,59598,3254,26701,2017
B,C,7823,6245,6544,4154,4074,964
B,C,9396,11601,15775,2896,7677,1295
A,C,4760,1227,3250,3724,1247,1145
B,C,85,20959,45828,36,24231,1423
A,C,9,1534,7417,175,3468,27
B,C,19913,6759,13462,1256,5141,834
A,C,2446,7260,3993,5870,788,3095
A,C,8352,2820,1293,779,656,144
A,C,16705,2037,3202,10643,116,1365
A,C,18291,1266,21042,5373,4173,14472
A,C,4420,5139,2661,8872,1321,181
B,C,19899,5332,8713,8132,764,648
B,C,8190,6343,9794,1285,1901,1780
A,C,20398,1137,3,4407,3,975
A,C,717,3587,6532,7530,529,894
B,C,12205,12697,28540,869,12034,1009
A,C,10766,1175,2067,2096,301,167
A,C,1640,3259,3655,868,1202,1653
A,C,7005,829,3009,430,610,529
B,C,219,9540,14403,283,7818,156
B,C,10362,9232,11009,737,3537,2342
A,C,20874,1563,1783,2320,550,772
B,C,11867,3327,4814,1178,3837,120
B,C,16117,46197,92780,1026,40827,2944
B,C,22925,73498,32114,987,20070,903
A,C,43265,5025,8117,6312,1579,14351
A,C,7864,542,4042,9735,165,46
A,C,24904,3836,5330,3443,454,3178
A,C,11405,596,1638,3347,69,360
A,C,12754,2762,2530,8693,627,1117
B,C,9198,27472,32034,3232,18906,5130
A,C,11314,3090,2062,35009,71,2698
B,C,5626,12220,11323,206,5038,244
A,C,3,2920,6252,440,223,709
B,C,23,2616,8118,145,3874,217
A,C,403,254,610,774,54,63
A,C,503,112,778,895,56,132
A,C,9658,2182,1909,5639,215,323
B,C,11594,7779,12144,3252,8035,3029
B,C,1420,10810,16267,1593,6766,1838
B,C,2932,6459,7677,2561,4573,1386
A,C,56082,3504,8906,18028,1480,2498
A,C,14100,2132,3445,1336,1491,548
A,C,15587,1014,3970,910,139,1378
B,C,1454,6337,10704,133,6830,1831
B,C,8797,10646,14886,2471,8969,1438
B,C,1531,8397,6981,247,2505,1236
B,C,1406,16729,28986,673,836,3
A,C,11818,1648,1694,2276,169,1647
B,C,12579,11114,17569,805,6457,1519
A,C,19046,2770,2469,8853,483,2708
A,C,14438,2295,1733,3220,585,1561
A,C,18044,1080,2000,2555,118,1266
A,C,11134,793,2988,2715,276,610
A,C,11173,2521,3355,1517,310,222
A,C,6990,3880,5380,1647,319,1160
A,C,20049,1891,2362,5343,411,933
A,C,8258,2344,2147,3896,266,635
A,C,17160,1200,3412,2417,174,1136
A,C,4020,3234,1498,2395,264,255
A,C,12212,201,245,1991,25,860
B,C,11170,10769,8814,2194,1976,143
A,C,36050,1642,2961,4787,500,1621
A,C,76237,3473,7102,16538,778,918
A,C,19219,1840,1658,8195,349,483
B,C,21465,7243,10685,880,2386,2749
A,C,140,8847,3823,142,1062,3
A,C,42312,926,1510,1718,410,1819
A,C,7149,2428,699,6316,395,911
A,C,2101,589,314,346,70,310
A,C,14903,2032,2479,576,955,328
A,C,9434,1042,1235,436,256,396
A,C,7388,1882,2174,720,47,537
A,C,6300,1289,2591,1170,199,326
A,C,4625,8579,7030,4575,2447,1542
A,C,3087,8080,8282,661,721,36
A,C,13537,4257,5034,155,249,3271
A,C,5387,4979,3343,825,637,929
A,C,17623,4280,7305,2279,960,2616
A,C,30379,13252,5189,321,51,1450
A,C,37036,7152,8253,2995,20,3
A,C,10405,1596,1096,8425,399,318
A,C,18827,3677,1988,118,516,201
B,C,22039,8384,34792,42,12591,4430
A,C,7769,1936,2177,926,73,520
A,C,9203,3373,2707,1286,1082,526
A,C,5924,584,542,4052,283,434
A,C,31812,1433,1651,800,113,1440
A,C,16225,1825,1765,853,170,1067
A,C,1289,3328,2022,531,255,1774
A,C,18840,1371,3135,3001,352,184
A,C,3463,9250,2368,779,302,1627
A,C,622,55,137,75,7,8
B,C,1989,10690,19460,233,11577,2153
B,C,3830,5291,14855,317,6694,3182
A,C,17773,1366,2474,3378,811,418
B,C,2861,6570,9618,930,4004,1682
B,C,355,7704,14682,398,8077,303
B,C,1725,3651,12822,824,4424,2157
A,C,12434,540,283,1092,3,2233
A,C,15177,2024,3810,2665,232,610
B,C,5531,15726,26870,2367,13726,446
B,C,5224,7603,8584,2540,3674,238
B,C,15615,12653,19858,4425,7108,2379
B,C,4822,6721,9170,993,4973,3637
A,C,2926,3195,3268,405,1680,693
A,C,5809,735,803,1393,79,429
A,C,5414,717,2155,2399,69,750
B,C,260,8675,13430,1116,7015,323
B,C,200,25862,19816,651,8773,6250
A,C,955,5479,6536,333,2840,707
B,C,514,7677,19805,937,9836,716
A,C,286,1208,5241,2515,153,1442
B,C,2343,7845,11874,52,4196,1697
A,C,45640,6958,6536,7368,1532,230
A,C,12759,7330,4533,1752,20,2631
A,C,11002,7075,4945,1152,120,395
A,C,3157,4888,2500,4477,273,2165
A,C,12356,6036,8887,402,1382,2794
A,C,112151,29627,18148,16745,4948,8550
A,C,694,8533,10518,443,6907,156
A,C,36847,43950,20170,36534,239,47943
A,C,327,918,4710,74,334,11
A,C,8170,6448,1139,2181,58,247
A,C,3009,521,854,3470,949,727
A,C,2438,8002,9819,6269,3459,3
B,C,8040,7639,11687,2758,6839,404
B,C,834,11577,11522,275,4027,1856
A,C,16936,6250,1981,7332,118,64
A,C,13624,295,1381,890,43,84
A,C,5509,1461,2251,547,187,409
B,C,180,3485,20292,959,5618,666
A,C,7107,1012,2974,806,355,1142
A,C,17023,5139,5230,7888,330,1755
A,A,30624,7209,4897,18711,763,2876
B,A,2427,7097,10391,1127,4314,1468
A,A,11686,2154,6824,3527,592,697
A,A,9670,2280,2112,520,402,347
B,A,3067,13240,23127,3941,9959,731
B,A,4484,14399,24708,3549,14235,1681
A,A,25203,11487,9490,5065,284,6854
A,A,583,685,2216,469,954,18
A,A,1956,891,5226,1383,5,1328
B,A,1107,11711,23596,955,9265,710
A,A,6373,780,950,878,288,285
B,A,2541,4737,6089,2946,5316,120
A,A,1537,3748,5838,1859,3381,806
B,A,5550,12729,16767,864,12420,797
A,A,18567,1895,1393,1801,244,2100
B,A,12119,28326,39694,4736,19410,2870
A,A,7291,1012,2062,1291,240,1775
A,A,3317,6602,6861,1329,3961,1215
B,A,2362,6551,11364,913,5957,791
A,A,2806,10765,15538,1374,5828,2388
B,A,2532,16599,36486,179,13308,674
A,A,18044,1475,2046,2532,130,1158
B,A,18,7504,15205,1285,4797,6372
A,A,4155,367,1390,2306,86,130
A,A,14755,899,1382,1765,56,749
A,A,5396,7503,10646,91,4167,239
A,A,5041,1115,2856,7496,256,375
B,A,2790,2527,5265,5612,788,1360
A,A,7274,659,1499,784,70,659
A,A,12680,3243,4157,660,761,786
B,A,20782,5921,9212,1759,2568,1553
A,A,4042,2204,1563,2286,263,689
A,A,1869,577,572,950,4762,203
A,A,8656,2746,2501,6845,694,980
B,A,11072,5989,5615,8321,955,2137
A,A,2344,10678,3828,1439,1566,490
A,A,25962,1780,3838,638,284,834
A,A,964,4984,3316,937,409,7
A,A,15603,2703,3833,4260,325,2563
A,A,1838,6380,2824,1218,1216,295
A,A,8635,820,3047,2312,415,225
A,A,18692,3838,593,4634,28,1215
A,A,7363,475,585,1112,72,216
A,A,47493,2567,3779,5243,828,2253
A,A,22096,3575,7041,11422,343,2564
A,A,24929,1801,2475,2216,412,1047
A,A,18226,659,2914,3752,586,578
A,A,11210,3576,5119,561,1682,2398
A,A,6202,7775,10817,1183,3143,1970
B,A,3062,6154,13916,230,8933,2784
A,A,8885,2428,1777,1777,430,610
A,A,13569,346,489,2077,44,659
A,A,15671,5279,2406,559,562,572
A,A,8040,3795,2070,6340,918,291
A,A,3191,1993,1799,1730,234,710
B,A,6134,23133,33586,6746,18594,5121
A,A,6623,1860,4740,7683,205,1693
A,A,29526,7961,16966,432,363,1391
A,A,10379,17972,4748,4686,1547,3265
A,A,31614,489,1495,3242,111,615
A,A,11092,5008,5249,453,392,373
A,A,8475,1931,1883,5004,3593,987
A,A,56083,4563,2124,6422,730,3321
A,A,53205,4959,7336,3012,967,818
A,A,9193,4885,2157,327,780,548
A,A,7858,1110,1094,6818,49,287
A,A,23257,1372,1677,982,429,655
A,A,2153,1115,6684,4324,2894,411
B,A,1073,9679,15445,61,5980,1265
A,A,5909,23527,13699,10155,830,3636
B,A,572,9763,22182,2221,4882,2563
A,A,20893,1222,2576,3975,737,3628
B,A,11908,8053,19847,1069,6374,698
A,A,15218,258,1138,2516,333,204
A,A,4720,1032,975,5500,197,56
A,A,2083,5007,1563,1120,147,1550
A,A,514,8323,6869,529,93,1040
A,C,36817,3045,1493,4802,210,1824
A,C,894,1703,1841,744,759,1153
A,C,680,1610,223,862,96,379
A,C,27901,3749,6964,4479,603,2503
A,C,9061,829,683,16919,621,139
A,C,11693,2317,2543,5845,274,1409
B,C,17360,6200,9694,1293,3620,1721
A,C,3366,2884,2431,977,167,1104
B,C,12238,7108,6235,1093,2328,2079
A,C,49063,3965,4252,5970,1041,1404
A,C,25767,3613,2013,10303,314,1384
A,C,68951,4411,12609,8692,751,2406
A,C,40254,640,3600,1042,436,18
A,C,7149,2247,1242,1619,1226,128
A,C,15354,2102,2828,8366,386,1027
A,C,16260,594,1296,848,445,258
A,C,42786,286,471,1388,32,22
A,C,2708,2160,2642,502,965,1522
A,C,6022,3354,3261,2507,212,686
A,C,2838,3086,4329,3838,825,1060
B,B,3996,11103,12469,902,5952,741
A,B,21273,2013,6550,909,811,1854
B,B,7588,1897,5234,417,2208,254
A,B,19087,1304,3643,3045,710,898
B,B,8090,3199,6986,1455,3712,531
B,B,6758,4560,9965,934,4538,1037
A,B,444,879,2060,264,290,259
B,B,16448,6243,6360,824,2662,2005
B,B,5283,13316,20399,1809,8752,172
B,B,2886,5302,9785,364,6236,555
B,B,2599,3688,13829,492,10069,59
B,B,161,7460,24773,617,11783,2410
B,B,243,12939,8852,799,3909,211
B,B,6468,12867,21570,1840,7558,1543
A,B,17327,2374,2842,1149,351,925
A,B,6987,1020,3007,416,257,656
B,B,918,20655,13567,1465,6846,806
A,B,7034,1492,2405,12569,299,1117
A,B,29635,2335,8280,3046,371,117
B,B,2137,3737,19172,1274,17120,142
A,B,9784,925,2405,4447,183,297
A,B,10617,1795,7647,1483,857,1233
B,B,1479,14982,11924,662,3891,3508
A,B,7127,1375,2201,2679,83,1059
A,B,1182,3088,6114,978,821,1637
A,B,11800,2713,3558,2121,706,51
B,B,9759,25071,17645,1128,12408,1625
A,B,1774,3696,2280,514,275,834
A,B,9155,1897,5167,2714,228,1113
A,B,15881,713,3315,3703,1470,229
A,B,13360,944,11593,915,1679,573
A,B,25977,3587,2464,2369,140,1092
A,B,32717,16784,13626,60869,1272,5609
A,B,4414,1610,1431,3498,387,834
A,B,542,899,1664,414,88,522
A,B,16933,2209,3389,7849,210,1534
A,B,5113,1486,4583,5127,492,739
A,B,9790,1786,5109,3570,182,1043
B,B,11223,14881,26839,1234,9606,1102
A,B,22321,3216,1447,2208,178,2602
B,B,8565,4980,67298,131,38102,1215
B,B,16823,928,2743,11559,332,3486
B,B,27082,6817,10790,1365,4111,2139
A,B,13970,1511,1330,650,146,778
A,B,9351,1347,2611,8170,442,868
A,B,3,333,7021,15601,15,550
A,B,2617,1188,5332,9584,573,1942
B,C,381,4025,9670,388,7271,1371
B,C,2320,5763,11238,767,5162,2158
A,C,255,5758,5923,349,4595,1328
B,C,1689,6964,26316,1456,15469,37
A,C,3043,1172,1763,2234,217,379
A,C,1198,2602,8335,402,3843,303
B,C,2771,6939,15541,2693,6600,1115
B,C,27380,7184,12311,2809,4621,1022
A,C,3428,2380,2028,1341,1184,665
B,C,5981,14641,20521,2005,12218,445
A,C,3521,1099,1997,1796,173,995
B,C,1210,10044,22294,1741,12638,3137
A,C,608,1106,1533,830,90,195
B,C,117,6264,21203,228,8682,1111
A,C,14039,7393,2548,6386,1333,2341
A,C,190,727,2012,245,184,127
A,C,22686,134,218,3157,9,548
B,C,37,1275,22272,137,6747,110
A,C,759,18664,1660,6114,536,4100
A,C,796,5878,2109,340,232,776
A,C,19746,2872,2006,2601,468,503
A,C,4734,607,864,1206,159,405
A,C,2121,1601,2453,560,179,712
A,C,4627,997,4438,191,1335,314
A,C,2615,873,1524,1103,514,468
B,C,4692,6128,8025,1619,4515,3105
A,C,9561,2217,1664,1173,222,447
A,C,3477,894,534,1457,252,342
A,C,22335,1196,2406,2046,101,558
A,C,6211,337,683,1089,41,296
B,C,39679,3944,4955,1364,523,2235
A,C,20105,1887,1939,8164,716,790
A,C,3884,3801,1641,876,397,4829
B,C,15076,6257,7398,1504,1916,3113
A,C,6338,2256,1668,1492,311,686
A,C,5841,1450,1162,597,476,70
B,C,3136,8630,13586,5641,4666,1426
A,C,38793,3154,2648,1034,96,1242
A,C,3225,3294,1902,282,68,1114
B,C,4048,5164,10391,130,813,179
A,C,28257,944,2146,3881,600,270
A,C,17770,4591,1617,9927,246,532
A,C,34454,7435,8469,2540,1711,2893
A,C,1821,1364,3450,4006,397,361
A,C,10683,21858,15400,3635,282,5120
A,C,11635,922,1614,2583,192,1068
A,C,1206,3620,2857,1945,353,967
A,C,20918,1916,1573,1960,231,961
A,C,9785,848,1172,1677,200,406
A,C,9385,1530,1422,3019,227,684
A,C,3352,1181,1328,5502,311,1000
A,C,2647,2761,2313,907,95,1827
A,C,518,4180,3600,659,122,654
A,C,23632,6730,3842,8620,385,819
A,C,12377,865,3204,1398,149,452
A,C,9602,1316,1263,2921,841,290
B,C,4515,11991,9345,2644,3378,2213
A,C,11535,1666,1428,6838,64,743
A,C,11442,1032,582,5390,74,247
A,C,9612,577,935,1601,469,375
A,C,4446,906,1238,3576,153,1014
A,C,27167,2801,2128,13223,92,1902
A,C,26539,4753,5091,220,10,340
A,C,25606,11006,4604,127,632,288
A,C,18073,4613,3444,4324,914,715
A,C,6884,1046,1167,2069,593,378
A,C,25066,5010,5026,9806,1092,960
B,C,7362,12844,18683,2854,7883,553
B,C,8257,3880,6407,1646,2730,344
A,C,8708,3634,6100,2349,2123,5137
A,C,6633,2096,4563,1389,1860,1892
A,C,2126,3289,3281,1535,235,4365
A,C,97,3605,12400,98,2970,62
A,C,4983,4859,6633,17866,912,2435
A,C,5969,1990,3417,5679,1135,290
B,C,7842,6046,8552,1691,3540,1874
B,C,4389,10940,10908,848,6728,993
A,C,5065,5499,11055,364,3485,1063
B,C,660,8494,18622,133,6740,776
A,C,8861,3783,2223,633,1580,1521
A,C,4456,5266,13227,25,6818,1393
B,C,17063,4847,9053,1031,3415,1784
A,C,26400,1377,4172,830,948,1218
B,C,17565,3686,4657,1059,1803,668
B,C,16980,2884,12232,874,3213,249
A,C,11243,2408,2593,15348,108,1886
A,C,13134,9347,14316,3141,5079,1894
A,C,31012,16687,5429,15082,439,1163
A,C,3047,5970,4910,2198,850,317
A,C,8607,1750,3580,47,84,2501
A,C,3097,4230,16483,575,241,2080
A,C,8533,5506,5160,13486,1377,1498
A,C,21117,1162,4754,269,1328,395
A,C,1982,3218,1493,1541,356,1449
A,C,16731,3922,7994,688,2371,838
A,C,29703,12051,16027,13135,182,2204
A,C,39228,1431,764,4510,93,2346
B,C,14531,15488,30243,437,14841,1867
A,C,10290,1981,2232,1038,168,2125
A,C,2787,1698,2510,65,477,52
